Protein, Functional Family, Region
01d3496843ca65c9c368b4d675bebe1f, 1.10.10.10.FF265980, >tr|Q4KHU8|Q4KHU8_PSEF5 Transcriptional regulator, GntR family OS=Pseudomonas fluorescens (strain ATCC BAA-477 / NRRL B-23932 / Pf-5) GN=PFL_1054 PE=4 SV=1 RSLVDQALEQLRLRITNGAWVVGQRLPTEPELASELGISRNTVREALRVLAFSGLIEIRQGDGSY
039969d462b2b2122f96c7cfa93667e2, 1.10.10.10.FF265980, >tr|Q9KPF3|Q9KPF3_VIBCH Pyruvate dehydrogenase complex repressor OS=Vibrio cholerae serotype O1 (strain ATCC 39315 / El Tor Inaba N16961) GN=VC_2415 PE=4 SV=1 RIRQPKLSDVIEQELERLIVEGTLSPGQQLPPERELAKQFEVSRPSIREAIQRLEAKRLLTRRQGGGTFVSD
24e821f24507d46026fbe7cd1bec8f3a, 1.10.10.10.FF265980, >tr|Q4KII0|Q4KII0_PSEF5 Pyruvate dehydrogenase complex repressor OS=Pseudomonas fluorescens (strain ATCC BAA-477 / NRRL B-23932 / Pf-5) GN=pdhR PE=4 SV=1 DQIRQRRLSDDIVERLEGMILEGTLKAGERLPAERALAEQFGVSRPSLREAIQKLTAKGLLISRQGGGNYVV
30779acac2227f87dbb9aa73a93e37e5, 1.10.10.10.FF265980, >tr|Q4KFI1|Q4KFI1_PSEF5 Transcriptional regulator, GntR family OS=Pseudomonas fluorescens (strain ATCC BAA-477 / NRRL B-23932 / Pf-5) GN=PFL_1883 PE=4 SV=1 AGRSGTQDDIVYAHIFEAILEQRLAPGTKLSEEALGEIFGVSRTIIRRALSRLAHEGVVLLRPNRG
43d54358a9e1addf2e4030f4f3325976, 1.10.10.10.FF265980, >tr|Q4K8G8|Q4K8G8_PSEF5 Transcriptional regulator, GntR family OS=Pseudomonas fluorescens (strain ATCC BAA-477 / NRRL B-23932 / Pf-5) GN=PFL_4373 PE=4 SV=1 ATLKDSAKGTLADQVTAALKAHIASGEVLPGARLPTEPVLCERFGVSRTVIREAISRLKSAGLVEVRQGSGTVVC
46a9878e5f5f0a1f25c26a908baa14ab, 1.10.10.10.FF265980, >sp|P0ACL9|PDHR_ECOLI Pyruvate dehydrogenase complex repressor OS=Escherichia coli (strain K12) GN=pdhR PE=1 SV=1 QPKLSDVIEQQLEFLILEGTLRPGEKLPPERELAKQFDVSRPSLREAIQRLEAKGLLLRRQGGGTFVQS
48dc925fbaab213501a3ab295fd00fcc, 1.10.10.10.FF265980, >tr|Q4KAF8|Q4KAF8_PSEF5 Transcriptional regulator, GntR family OS=Pseudomonas fluorescens (strain ATCC BAA-477 / NRRL B-23932 / Pf-5) GN=PFL_3673 PE=4 SV=1 RPVRRKRQKLSDVIVESVKRSIVTDALRPGDRLPTEKELMESFQCSKGSAREALKALEVEGLVNTRTGPNGGA
614ac07154c8db151280db9143ebbe4e, 1.10.10.10.FF265980, >tr|Q48KS0|Q48KS0_PSE14 Transcriptional regulator, GntR family OS=Pseudomonas savastanoi pv. phaseolicola (strain 1448A / Race 6) GN=PSPPH_1771 PE=4 SV=1 TSASRSVTQDDVVYEHIFDAILEQRLAPGTKLSEEALGEIFGVSRTIIRRALSRLGHEGVVLLRPNRG
86eadab8e87c5682e05d9a8f68ef2748, 1.10.10.10.FF265980, >tr|Q4KFQ5|Q4KFQ5_PSEF5 Transcriptional regulator, GntR family/UbiC transcription regulator-associated domain protein OS=Pseudomonas fluorescens (strain ATCC BAA-477 / NRRL B-23932 / Pf-5) GN=PFL_1808 PE=4 SV=2 KTRVVDELIRRIESGLLEDGFQLPGEHQLAEEFGVSRGTLREALAELKRRNYIATQSGVGSIVT
8b24f29ede8c3bb5def7d1634a0ca7a5, 1.10.10.10.FF265980, >tr|Q3AEY9|Q3AEY9_CARHZ Transcriptional regulator, GntR family OS=Carboxydothermus hydrogenoformans (strain ATCC BAA-161 / DSM 6008 / Z-2901) GN=CHY_0434 PE=4 SV=1 FQQIKTKKIYEEIIEQIRLLIARGELKPGDKLPSERELAESLGVSRASVREALSALEVLGVLEVRPGEGTFVRE
9047ee2bd2f34ec4a0a9a914440e59ba, 1.10.10.10.FF265980, >tr|Q4K5R6|Q4K5R6_PSEF5 Transcriptional regulator, GntR family OS=Pseudomonas fluorescens (strain ATCC BAA-477 / NRRL B-23932 / Pf-5) GN=PFL_5349 PE=4 SV=1 LPRRPRGERKLLVDDVYPQIFDAILEQRIAPGSRFTEDSLGQAFGVSRSIVRQVLARLSHQQVVILRPN
9fda9a79e07ca9b7418ea985a29bd59b, 1.10.10.10.FF265980, >tr|Q4KDZ3|Q4KDZ3_PSEF5 Transcriptional regulator, GntR family OS=Pseudomonas fluorescens (strain ATCC BAA-477 / NRRL B-23932 / Pf-5) GN=PFL_2433 PE=4 SV=1 QRPDSLVVRVVNAIRTEIDSGRLAPESRLPTEQQLAEQLNVSRSVIREAIAQLKADGVLIARRGLGSYIS
a1d9a4d43b39bd7de2dff84c218cd257, 1.10.10.10.FF265980, >tr|Q48KR5|Q48KR5_PSE14 Transcriptional regulator, GntR family OS=Pseudomonas savastanoi pv. phaseolicola (strain 1448A / Race 6) GN=PSPPH_1776 PE=4 SV=1 APDSLAEQIAHHLAERIIRGELKPGERIQEQKVTQALNVSRGSVREALLILERRHLVVILPRRGAQVT
a7a3552bb93554d4df98813a789268ea, 1.10.10.10.FF265980, >tr|Q4K5R7|Q4K5R7_PSEF5 Transcriptional regulator, GntR family OS=Pseudomonas fluorescens (strain ATCC BAA-477 / NRRL B-23932 / Pf-5) GN=PFL_5348 PE=4 SV=1 SSTVVNSVVEKLRAALARGQWRSGDMLPGQRELAEQLGISRPSLREAVIVLETLGLVRSMPGKGVVVL
c0349207858b16fa2a1f988ae5a1a255, 1.10.10.10.FF265980, >tr|Q4KAS3|Q4KAS3_PSEF5 Transcriptional regulator, GntR family/amidohydrolase family protein OS=Pseudomonas fluorescens (strain ATCC BAA-477 / NRRL B-23932 / Pf-5) GN=PFL_3557 PE=4 SV=1 SVEIFRHLESEIREGRLRPGDRIPTESRLAEAFAVSRNVVREAVARLNSAGLVVSRQGLGVFVA
df4aab2b2b9c3bfc1827c6f2692a6329, 1.10.10.10.FF265980, >tr|Q4KIP2|Q4KIP2_PSEF5 Transcriptional regulator, GntR family/aminotransferase, classes I and II OS=Pseudomonas fluorescens (strain ATCC BAA-477 / NRRL B-23932 / Pf-5) GN=PFL_0754 PE=4 SV=1 LDLHQRIQRALRGLILDGALGPGVKLPATRALAKSLAVSRDTVENAYVQLQRDGFVLRRKGSGSYVC
e2893d9e1a5f0d06a886a1f8cf713141, 1.10.10.10.FF265980, >tr|Q48E19|Q48E19_PSE14 Transcriptional regulator, GntR family OS=Pseudomonas savastanoi pv. phaseolicola (strain 1448A / Race 6) GN=PSPPH_4253 PE=4 SV=1 QSAPPRARRKHRSLAQELVTELSERIRSGQLKRGDKLPTESAIMEEQGVSRTVVREAISRLQASGLVETRHGIGTFV
ea9fc0943b77b21ed777b870e6597352, 1.10.10.10.FF265980, >sp|P0ACL7|LLDR_ECOLI Putative L-lactate dehydrogenase operon regulatory protein OS=Escherichia coli (strain K12) GN=lldR PE=2 SV=1 RRLSDEVADRVRALIDEKNLEAGMKLPAERQLAMQLGVSRNSLREALAKLVSEGVLLSRRGGGTFIR
fc0958c86eb6c2be98a1de06276c6db3, 1.10.10.10.FF265980, >tr|Q4KFH4|Q4KFH4_PSEF5 Transcriptional regulator, GntR family OS=Pseudomonas fluorescens (strain ATCC BAA-477 / NRRL B-23932 / Pf-5) GN=PFL_1890 PE=4 SV=1 APDSLAEQIAHHLAERIIRGDLKPGERIQEQKVTLALNVSRGSVREALLILERRHLIAILPRRGAHVT
fcd670b31ee8b326a23fe5f1ab1c3301, 1.10.10.10.FF265980, >tr|Q48B23|Q48B23_PSE14 Transcriptional regulator, GntR family OS=Pseudomonas savastanoi pv. phaseolicola (strain 1448A / Race 6) GN=PSPPH_B0018 PE=4 SV=1 QSLVEGVVSTIRKEIASGRIPADSKMPTEHELADQFGVSRSVVREAISQLKADGVLVIRRGNGSFVSQ

08bf37974cff024a8bc40aad961391d9, 1.10.10.10.FF266283, >sp|Q9LID0|LDL2_ARATH Lysine-specific histone demethylase 1 homolog 2 OS=Arabidopsis thaliana GN=LDL2 PE=1 SV=1 ALSVGFPIDELLEEEIRAGVVRELGGKEQNDYIVVRNHIVARWRGNVGIWLLKDQIRETVSSDFEHLISAAYDFLLFNGYINFGVSP
1d679c02f24e571aedf08117d547fcac, 1.10.10.10.FF266283, >sp|O60341|KDM1A_HUMAN Lysine-specific histone demethylase 1A OS=Homo sapiens GN=KDM1A PE=1 SV=2 AAFQSRLPHDRMTSQEAACFPDIISGPQQTQKVFLFIRNRTLQLWLDNPKIQLTFEATLQQLEAPYNSDTVLVHRVHSYLERHGLINFGIYKRIKPLPTK
2085c957a7f58d20e1ae8db4ff4cf9ec, 1.10.10.10.FF266283, >sp|Q69Z66|MYSM1_MOUSE Histone H2A deubiquitinase MYSM1 OS=Mus musculus GN=Mysm1 PE=1 SV=2 DRNVIQEEEKQAIPEFFEGRQTKTPERYLKIRNYILDQWEICKPKYLNKTSVRPGLKNCGDVNCIGRIHTYLELIGAINFGCEQAVY
30cec0784f8ba7fa235d5bb9eb766ec3, 1.10.10.10.FF266283, >tr|G8JL40|G8JL40_MOUSE Lysine-specific histone demethylase 1A (Fragment) OS=Mus musculus GN=Kdm1a PE=1 SV=1 AAFQSRLPHDRMTSQEAACFPDIISGPQQTQKVFLFIRNRTLQLWLDNPKIQLTFEATLQQLEAPYNSDTVLVHRVHSYLERHGLINFGIYKRIKPLPIKK
375f73db741adb243e26a7fb62ecc70f, 1.10.10.10.FF266283, >tr|F6Z4I3|F6Z4I3_MOUSE Lysine-specific histone demethylase 1A (Fragment) OS=Mus musculus GN=Kdm1a PE=1 SV=1 SQEAACFPDIISGPQQTQKVFLFIRNRTLQLWLDNPKIQLTFEATLQQLEAPYNSDTVLVHRVHSYLERHGLINFGIYKRIKPLPIK
41907d2f5adfee8e37d9b763113a0702, 1.10.10.10.FF266283, >sp|Q5RGA4|MYSM1_DANRE Histone H2A deubiquitinase MYSM1 OS=Danio rerio GN=mysm1 PE=2 SV=2 LDLNTITEEEKQAISEFFEGRPSKTPERYLKIRNYILDQWRRSKPKYLNKTSVRPGLKNCGDVNCIGRIHTYLELIGAINFNCDQAIY
659e25b11a5a927ce9222644c452fdfb, 1.10.10.10.FF266283, >sp|Q5F3F2|MYSM1_CHICK Histone H2A deubiquitinase MYSM1 OS=Gallus gallus GN=MYSM1 PE=2 SV=1 IILEEEKQAIPEFFEGRQAKTPERYLKIRNYILDQWERCKPKYLNKTSVRPGLKNCGDVNCIGRIHTYLELIGAINFGCEQAVY
686a1c795db13cf5cfe479a448ba2ece, 1.10.10.10.FF266283, >sp|Q9VW97|LSDA_DROME Possible lysine-specific histone demethylase 1 OS=Drosophila melanogaster GN=Su(var)3-3 PE=1 SV=1 AVFQSRLPFNKMTPNEEACFPDISRSGILGHRVFLNIRNSLLHMWVDNPKIQLSFEIALKNLPPPFDSEPSLVRRVHSFLERHGFINFGIFKRLKPIPAKK
8536d0edefc05ffd4e97f5771dce24fa, 1.10.10.10.FF266283, >sp|B6MUN4|MYSM1_BRAFL Histone H2A deubiquitinase MYSM1 OS=Branchiostoma floridae GN=MYSM1 PE=3 SV=1 LDRSVITEEEKEVHKEFFDGRQTKTPERYLKIRNHLLDCWERTKPEYLRKTVARAGLRNCGDVNCIGRIHGYLERIGAINFGCEEAN
87bd232f90b7ba29a9d50f4e78ddaa5b, 1.10.10.10.FF266283, >sp|Q9XWP6|LSD1_CAEEL Probable lysine-specific histone demethylase 1 OS=Caenorhabditis elegans GN=spr-5 PE=1 SV=1 AASAARLPFDRPTDHELAFFPELWEHKTAVEVFLLLRNSTLATWQYNPLKECTALDVRNNVFPPFNSDLDLIQNIVHYLSRHGLINFGRYVRST
8cc71644a7ec9b617eda4ec4183cd895, 1.10.10.10.FF266283, >sp|Q54Z40|MYBH_DICDI Myb-like protein H OS=Dictyostelium discoideum GN=mybH PE=3 SV=1 YLDLNIITQEEMMGCKEYFTGQISKTPDRYIKIRDKIIRQWDSFKPNYLSKTFSRNQIKDCGSDINSIGRVHQFLESIGVINFNAVG
91d4dac8d0e122c141307fa1f25664dd, 1.10.10.10.FF266283, >sp|Q5VVJ2|MYSM1_HUMAN Histone H2A deubiquitinase MYSM1 OS=Homo sapiens GN=MYSM1 PE=1 SV=1 DRNIIQEEEKQAIPEFFEGRQAKTPERYLKIRNYILDQWEICKPKYLNKTSVRPGLKNCGDVNCIGRIHTYLELIGAINFGCEQAVYN
95d7f6dc47c8cdde26c77eec5b340d8f, 1.10.10.10.FF266283, >sp|A0JMR6|MYSM1_XENLA Histone H2A deubiquitinase MYSM1 OS=Xenopus laevis GN=mysm1 PE=2 SV=1 DRNFILDEEKQAIPEFFEGRQAKTPDRYLRIRNYILDQWENCKPKYLNKTSVRPGLKNCGDVNCIGRIHTYLELIGAINFGCEQAIY
a5b6a0b40ad1947889dbc0175331c409, 1.10.10.10.FF266283, >sp|Q10135|LSD2_SCHPO Lysine-specific histone demethylase 2 OS=Schizosaccharomyces pombe (strain 972 / ATCC 24843) GN=lsd2 PE=1 SV=1 KCNLDPRALESFEQHMLSDRLHDPVVLFHYFQIRNSICWLWIKNPTHAISRVEAQGVCVDRCLFQLASLAYEFLVRYGYINYGCLS
a628a2b90fa3791556cc4da468914403, 1.10.10.10.FF266283, >sp|Q6ZQ88|KDM1A_MOUSE Lysine-specific histone demethylase 1A OS=Mus musculus GN=Kdm1a PE=1 SV=2 AAFQSRLPHDRMTSQEAACFPDIISGPQQTQKVFLFIRNRTLQLWLDNPKIQLTFEATLQQLEAPYNSDTVLVHRVHSYLERHGLINFGIYKRIKPLPIKK
a9b5570edb9d81556730304cc1a918a0, 1.10.10.10.FF266283, >tr|A3KG93|A3KG93_MOUSE Lysine-specific histone demethylase 1A OS=Mus musculus GN=Kdm1a PE=1 SV=1 AAFQSRLPHDRMTSQEAACFPDIISGPQQTQKVFLFIRNRTLQLWLDNPKIQLTFEATLQQLEAPYNSDTVLVHRVHSYLERHGLINFGIYKRIKPLPIKK
b4096d016e757930d75c952e3aa44f33, 1.10.10.10.FF266283, >tr|B3STT9|B3STT9_RAT Neuroprotective protein 3 OS=Rattus norvegicus GN=Kdm1a PE=2 SV=1 AAFQSRLPHDRMTSQEAACFPDIISGPQQTQKVFLFIRNRTLQLWLDNPKIQLTFEATLQQLEAPYNSDTVLVHRVHSYLERHGLINFGIYKRIKPLPIKK
c35766f8608d24e49216531e7315556e, 1.10.10.10.FF266283, >sp|Q9Y802|LSD1_SCHPO Lysine-specific histone demethylase 1 OS=Schizosaccharomyces pombe (strain 972 / ATCC 24843) GN=lsd1 PE=1 SV=1 AIASNLPPNALSPLEAEMLSEILENPTWLSLYLSIRNGICYLWHRNPTLYVSFNEALGIVREKKAFPLASLAFEFLSRNGHINYGCI
ce53b29c9b055c94d14551b4f94e529d, 1.10.10.10.FF266283, >tr|A0JMQ3|A0JMQ3_DANRE Aof2 protein (Fragment) OS=Danio rerio GN=kdm1a PE=2 SV=1 AAFQSRLPHDRMTSQEAACFPDIINGPQHTQKVFLYIRNRTLQLWLDNPKVQLTFEATVQQLEAPYNSDAVLVHRIHSYLERHGFINFGIYKRVKPLPTK
e53fad485f35826a30ba3b364c57181b, 1.10.10.10.FF266283, >tr|F1MA31|F1MA31_RAT Lysine demethylase 1A OS=Rattus norvegicus GN=Kdm1a PE=1 SV=3 AGPGSAPMETEKSETPVGRRTSRRKRAKVEYREMDESLANLSEDEYYSEEERNAKAEKEKKLPPPPPQAPPEEENESEPEEPSGQAGGLQDDSSGGYGDGQ

1de9b42f715f3ef645bb74e2ce31b91d, 1.10.10.10.FF266457, >tr|Q4KKB3|Q4KKB3_PSEF5 RNA polymerase sigma factor, sigma-70 family OS=Pseudomonas fluorescens (strain ATCC BAA-477 / NRRL B-23932 / Pf-5) GN=PFL_0173 PE=3 SV=1 PGPEQQLSLCRDQQRIEAALQDLPEDQREVFLLRAHGDLELPEIASLTQAPLETVKSRFRYALKKLRRLLAEE
2cf9d3cd186aa965f723bd32d302a473, 1.10.10.10.FF266457, >tr|Q4K9E5|Q4K9E5_PSEF5 RNA polymerase sigma-70 factor, ECF family OS=Pseudomonas fluorescens (strain ATCC BAA-477 / NRRL B-23932 / Pf-5) GN=PFL_4041 PE=3 SV=2 SPSGDPEHFMHAIQLADSIERALGELPVNCRKVFVWQKIEGLTQAEIAERLGLSKNMVEKYMIRTLRHLRDRLD
2def9dcab9e23de5f185bb28b5f869dd, 1.10.10.10.FF266457, >tr|Q4K7Y7|Q4K7Y7_PSEF5 RNA polymerase sigma factor, sigma-70 family OS=Pseudomonas fluorescens (strain ATCC BAA-477 / NRRL B-23932 / Pf-5) GN=PFL_4562 PE=3 SV=1 ALAADAQVPLTLREICDLSTEEIARAFLATPATIAQRIVRAKAKIRDAR
2def9dcab9e23de5f185bb28b5f869dd, 1.10.10.10.FF266457, >tr|Q4K7Y7|Q4K7Y7_PSEF5 RNA polymerase sigma factor, sigma-70 family OS=Pseudomonas fluorescens (strain ATCC BAA-477 / NRRL B-23932 / Pf-5) GN=PFL_4562 PE=3 SV=1 REDLTREAIRLGYL
3610a930e0c5c23d523658c3b7dc1830, 1.10.10.10.FF266457, >tr|Q0BZQ8|Q0BZQ8_HYPNA RNA polymerase sigma-70 factor, ECF family OS=Hyphomonas neptunium (strain ATCC 15444) GN=HNE_2340 PE=3 SV=1 DDPDKGLELVALRNALEHLPQDQREAIILIGAGGMAYEEAAEIVGCAVGTIKSRVSRARKALAELLNSE
42e7aa906e4f417939be2f34e1539fb2, 1.10.10.10.FF266457, >tr|Q4KGQ7|Q4KGQ7_PSEF5 RNA polymerase sigma factor OS=Pseudomonas fluorescens (strain ATCC BAA-477 / NRRL B-23932 / Pf-5) GN=algU PE=3 SV=1 LESPERALLRDEIEGTVHRTIQQLPEDLRTALTLREFDGLSYEDIASVMQCPVGTVRSRIFRAREAIDKAL
60c887047f062a7e94e18f6046f06a5a, 1.10.10.10.FF266457, >tr|Q0C2K7|Q0C2K7_HYPNA RNA polymerase sigma factor OS=Hyphomonas neptunium (strain ATCC 15444) GN=HNE_1318 PE=3 SV=1 DALDQAQRVNAVEAAISALPERQSAALTLCALQGHSQTEAAEIMDVSVEALESLLARARRTLRGQL
7241d451044740d0ea194f08c1385ba9, 1.10.10.10.FF266457, >tr|Q4K9N6|Q4K9N6_PSEF5 RNA polymerase sigma-70 factor, ECF subfamily, PrtI OS=Pseudomonas fluorescens (strain ATCC BAA-477 / NRRL B-23932 / Pf-5) GN=prtI PE=3 SV=1 VERTVMAQSTLEAFDRLNAEQRALLLWVSVEGLSYKEIAEILQVPTGTVMSRLSRARQALRQLSD
776833c54b74ce51055476955ec0d9e8, 1.10.10.10.FF266457, >sp|P9WGH7|SIGK_MYCTU ECF RNA polymerase sigma factor SigK OS=Mycobacterium tuberculosis (strain ATCC 25618 / H37Rv) GN=sigK PE=1 SV=1 ASDVVADLAIAGDERRRVTECLKALTDTQRQCIELAYYGGLTYVEVSRRLAANLSTIKSRMRDALRSLRNCL
86dda65e985ac48ceba67694921bb7c1, 1.10.10.10.FF266457, >sp|Q06198|RPSH_PSEAE RNA polymerase sigma-H factor OS=Pseudomonas aeruginosa (strain ATCC 15692 / DSM 22644 / CIP 104116 / JCM 14847 / LMG 12228 / 1C / PRS 101 / PAO1) GN=algU PE=3 SV=1 ESPERAMLRDEIEATVHQTIQQLPEDLRTALTLREFEGLSYEDIATVMQCPVGTVRSRIFRAREAIDKAL
877c3923ed36872bb7f7d37780fb5311, 1.10.10.10.FF266457, >tr|Q0C5P2|Q0C5P2_HYPNA RNA polymerase sigma-70 factor, ECF family OS=Hyphomonas neptunium (strain ATCC 15444) GN=HNE_0218 PE=3 SV=1 NDISPERALIDMERLEIVKRAIDTLPHKQKVVLSLHRHHGYTYQQIVAETGWSYGDVYRQMEAALASLASALK
9fdd9a793380e9e962979a959208d173, 1.10.10.10.FF266457, >tr|Q0C5I1|Q0C5I1_HYPNA RNA polymerase sigma factor OS=Hyphomonas neptunium (strain ATCC 15444) GN=HNE_0281 PE=3 SV=1 VMESALRHLPEKQREALVTVLAAGFSYEEAACLLGCSEGTVKSRVSRGREAL
cb5fb67f8838a83e96599ca018c3410a, 1.10.10.10.FF266457, >tr|Q4K4Q5|Q4K4Q5_PSEF5 RNA polymerase sigma factor, sigma-70 family OS=Pseudomonas fluorescens (strain ATCC BAA-477 / NRRL B-23932 / Pf-5) GN=PFL_5720 PE=3 SV=1 HEQLDSARQARALNRCLESLEGMQRQSITVAYFQGLSCSELAEQLAAPLGSVKSWIRRGMERLRRCLE
cbc71f42bfa9d5ba628fd0f044c0b4df, 1.10.10.10.FF266457, >sp|P0AGB6|RPOE_ECOLI ECF RNA polymerase sigma-E factor OS=Escherichia coli (strain K12) GN=rpoE PE=1 SV=1 LMLSEELRQIVFRTIESLPEDLRMAITLRELDGLSYEEIAAIMDCPVGTVRSRIFRAREAIDNKVQPLIR
d2781fcf0dd460b22f825e682085a84e, 1.10.10.10.FF266457, >tr|Q488N9|Q488N9_COLP3 RNA polymerase sigma factor, sigma-70 family OS=Colwellia psychrerythraea (strain 34H / ATCC BAA-681) GN=CPS_0725 PE=3 SV=1 QSLNQSQRQQKLAEAIRQLKLEQQQVITLALEGMSYQEIADVLAITTNLVGVRLQRAKQVLSQMLE
d6ff0b44bd84563905aa910a5e8e7141, 1.10.10.10.FF266457, >tr|Q0C2G8|Q0C2G8_HYPNA RNA polymerase sigma-70 factor, ECF family OS=Hyphomonas neptunium (strain ATCC 15444) GN=HNE_1358 PE=3 SV=1 DRSATETETRMDLARALDTLTEAQRVCVVLCVAAGLSHREAAQATGWPLGTVKSHVLRGVAQLRTCLANADV
d87ec20adb1220e987f7b83a8c6dd7a9, 1.10.10.10.FF266457, >tr|Q9KPA6|Q9KPA6_VIBCH RNA polymerase sigma-E factor OS=Vibrio cholerae serotype O1 (strain ATCC 39315 / El Tor Inaba N16961) GN=VC_2467 PE=3 SV=1 SNPENITLSKELKKTVFDAIDALPDDLKTAMTLRELDGLSYEEIAEVMDCPVGTVRSRIFRAREAVEK
dbd7688ca422935fe7d874a101b61583, 1.10.10.10.FF266457, >tr|Q3AB19|Q3AB19_CARHZ RNA polymerase sigma factor OS=Carboxydothermus hydrogenoformans (strain ATCC BAA-161 / DSM 6008 / Z-2901) GN=CHY_1845 PE=3 SV=1 LEKSEVEELLKELPEKYQTALKLFYFEAKSIKEISLITKNPENTVKSWLYRGREILKSL
e8d213922f852dac4714e22997c621b3, 1.10.10.10.FF266457, >sp|P9WGG7|SIGE_MYCTU ECF RNA polymerase sigma factor SigE OS=Mycobacterium tuberculosis (strain ATCC 25618 / H37Rv) GN=sigE PE=1 SV=1 PNPEQIYHDARLGPDLQAALASLPPEFRAAVVLCDIEGLSYEEIGATLGVKLGTVRSRIHRGRQALRDYLAA
f3245c5f3693cc42af24c36c259d8cb7, 1.10.10.10.FF266457, >sp|D0ZSY9|RPOE_SALT1 ECF RNA polymerase sigma-E factor OS=Salmonella typhimurium (strain 14028s / SGSC 2262) GN=rpoE PE=2 SV=1 LMLSEELRQIVFRTIESLPEDLRMAITLRELDGLSYEEIAAIMDCPVGTVRSRIFRAREAIDNKVQPLIR

05f1bfa2b5187a7548e3b517be64a1b7, 1.10.10.580.FF1744, >sp|O93310|RAD21_XENLA Double-strand-break repair protein rad21 homolog OS=Xenopus laevis GN=rad21 PE=1 SV=1 KRTQQMLHGLQRVLAKTGAESISLLDLCRNTNRKQAAAKFYSFLVLKKQQAIELTQREPYSDIVATPGPRFHT
11265a0131f6dac8173af60a84b4144b, 1.10.10.580.FF1744, >sp|D2HSB3|RD21L_AILME Double-strand-break repair protein rad21-like protein 1 OS=Ailuropoda melanoleuca GN=RAD21L1 PE=3 SV=1 ESNKMGMQYFSLMKLCRNSDRKQAAAKFYSFLVLKKQQAIELSQSDPYADIIATVGPMFYK
11f43d4ea761b89893ee67e9b5ca5c1b, 1.10.10.580.FF1744, >tr|Q6ZQJ6|Q6ZQJ6_MOUSE MKIAA0078 protein (Fragment) OS=Mus musculus GN=Rad21 PE=2 SV=1 KRTQQMLHGLQRALAKTGAESISLLELCRNTNRKQAAAKFYSFLVLKKQQAIELTQEEPYSDIIATPGPRFH
2384b05baa3f501919204458a9803507, 1.10.10.580.FF1744, >tr|A1L367|A1L367_MOUSE RAD21 homolog (S. pombe) OS=Mus musculus GN=Rad21 PE=2 SV=1 KRTQQMLHGLQRALAKTGAESISLLELCRNTNRKQAAAKFYSFLVLKKQQAIELTQEEPYSDIIATPGPRFH
2c925b5758aef8e730971054910017fd, 1.10.10.580.FF1744, >tr|Q3UTE4|Q3UTE4_MOUSE Uncharacterized protein (Fragment) OS=Mus musculus GN=Rad21 PE=2 SV=1 KRTQQMLHGLQRALAKTGAESISLLELCRNTNRKQAAAKFYSFLVLKKQQAIELTQEEPYSDIIATPGPRFH
2d00b37f6c0e81e0a1ba49c0731f454e, 1.10.10.580.FF1744, >sp|O60216|RAD21_HUMAN Double-strand-break repair protein rad21 homolog OS=Homo sapiens GN=RAD21 PE=1 SV=2 KRTQQMLHGLQRALAKTGAESISLLELCRNTNRKQAAAKFYSFLVLKKQQAIELTQEEPYSDIIATPGPRFH
40b44c39f6287f72a47d0ebf78ac98a3, 1.10.10.580.FF1744, >tr|R4GML2|R4GML2_MOUSE RAD21-like (S. pombe) OS=Mus musculus GN=Rad21l PE=4 SV=1 MQSFSLKKLCRNSDRKQAAAKFYTLLILKKHRAIELSQSVPYADIIATVGPMFYK
4f0b27bf022ca7e51053edb115cfbfd1, 1.10.10.580.FF1744, >sp|Q9H4I0|RD21L_HUMAN Double-strand-break repair protein rad21-like protein 1 OS=Homo sapiens GN=RAD21L1 PE=2 SV=3 MGMQSFSLMKLCRNSDRKQAAAKFYSFLVLKKQLAIELSQSAPYADIIATMGPMFYN
8af22650261bfd953971e533570542ca, 1.10.10.580.FF1744, >sp|Q19325|SCC1_CAEEL Sister chromatid cohesion protein 1 OS=Caenorhabditis elegans GN=scc-1 PE=1 SV=1 KRAKHILKKVSADIETSGQADFSSVTATAKNRKQAAEQFYSLLTLAKSQAISVDQSEPYGEIVIRPGANFKE
8fc6dbda0ddd95df4a9f75340cf22b1b, 1.10.10.580.FF1744, >sp|Q61550|RAD21_MOUSE Double-strand-break repair protein rad21 homolog OS=Mus musculus GN=Rad21 PE=1 SV=3 KRTQQMLHGLQRALAKTGAESISLLELCRNTNRKQAAAKFYSFLVLKKQQAIELTQEEPYSDIIATPGPRFH
985c051a1829662bae5d5fded13d4969, 1.10.10.580.FF1744, >sp|Q3SWX9|RAD21_BOVIN Double-strand-break repair protein rad21 homolog OS=Bos taurus GN=RAD21 PE=2 SV=1 KRTQQMLHGLQRALAKTGAESISLLELCRNTNRKQAAAKFYSFLVLKKQQAIELTQEEPYSDIIATPGPRFH
c05754e11e8049ad1061e6d31887523e, 1.10.10.580.FF1744, >tr|Q9U6D9|Q9U6D9_DROME Mitotic cohesin SCC1 OS=Drosophila melanogaster GN=vtd PE=2 SV=1 EQMENETDEQFEERVLNKRAAHLFIDVRAHFIAKDSLELSQLTSGNSRKQAAQKFYSLLVLKKFKVLHIDQSAPYADITITRGPTFEN
c2ed6681024980d3625dea27202398d1, 1.10.10.580.FF1744, >tr|O96689|O96689_DROME FI11703p OS=Drosophila melanogaster GN=vtd PE=1 SV=1 EQMENETDEQFEERVLNKRAAHLFIDVRAHFIAKDSLELSQLTSGNSRKQAAQKFYSLLVLKKFKVLHIDQSAPYADITITRGPTFEN
d55484f28ee4859114748558d9d36c02, 1.10.10.580.FF1744, >tr|Q9UB09|Q9UB09_DROME DNA repair protein Rad21 OS=Drosophila melanogaster GN=vtd PE=2 SV=1 EQMENETDEQFEERVLNKRAAHLFIDVRAHFIAKDSLELSQLTSGNSRKQAAQKFYSLLVLKKFKVLHIDQSAPYADITITRGPTFEN
d7693cfaf0f9ab5f0b49aa58c0071595, 1.10.10.580.FF1744, >tr|Q7ZW30|Q7ZW30_DANRE RAD21 homolog (S. pombe) OS=Danio rerio GN=rad21a PE=2 SV=1 KRTQQMLHGLQRVVAKTGAQSIGLLELCRNNNKKQAAAKFYSFLVLKKQQAIDLTQTEPYSDIIAAPGPRFH
ed5d7da65f3b4c16255403e950e2a97e, 1.10.10.580.FF1744, >sp|A2AU37|RD21L_MOUSE Double-strand-break repair protein rad21-like protein 1 OS=Mus musculus GN=Rad21l1 PE=1 SV=2 MQSFSLKKLCRNSDRKQAAAKFYTLLILKKHRAIELSQSVPYADIIATVGPMFYK
efb979dc7c5d8e8102850f598a934777, 1.10.10.580.FF1744, >tr|Q19232|Q19232_CAEEL COHesin family OS=Caenorhabditis elegans GN=coh-3 PE=1 SV=2 NIIRQLDDKSPFEVTLDSMIPVAATSRREAARTFYTVLELLKERKIKATQRAPYENID
f2c49d81684602e8c8a4ef7282cfa814, 1.10.10.580.FF1744, >tr|Q95XJ4|Q95XJ4_CAEEL COHesin family OS=Caenorhabditis elegans GN=coh-4 PE=4 SV=1 ANIIHKLNSECPYEVTLDSIIPLAATSRREAARTFYTVLELLKEREIKAIQRDPYGNID
f837e0129c8fa008e40f1e2637e566b6, 1.10.10.580.FF1744, >tr|Q3TG35|Q3TG35_MOUSE Uncharacterized protein OS=Mus musculus GN=Rad21 PE=2 SV=1 KRTQQMLHGLQRALAKTGAESISLLELCRNTNRKQAAAKFYSFLVLKKQQAIELTQEEPYSDIIATPGPRFH

1c161b276f95c5a56156588fe95d9e1a, 1.10.10.60.FF123781, >sp|P63016|PAX6_RAT Paired box protein Pax-6 OS=Rattus norvegicus GN=Pax6 PE=2 SV=1 KRKLQRNRTSFTQEQIEALEKEFERTHYPDVFARERLAAKIDLPEARIQVWFSNRRAKWRREEKLRNQRRQ
1e7b7a9090df171deac1c851808a9089, 1.10.10.60.FF123781, >tr|F1T0F8|F1T0F8_HUMAN Paired box protein Pax-6 OS=Homo sapiens GN=PAX6 PE=2 SV=1 KRKLQRNRTSFTQEQIEALEKEFERTHYPDVFARERLAAKIDLPEARIQVWFSNRRAKWRREEKLRNQRRQ
292bbadb1a233e59f3381245b4df658b, 1.10.10.60.FF123781, >tr|Q9YHZ8|Q9YHZ8_DANRE Paired box 6b OS=Danio rerio GN=pax6b PE=2 SV=1 KRKLQRNRTSFTQEQIEALEKEFERTHYPDVFARERLAAKIDLPEARIQVWFSNRRAKWRREEKLRNQRRQ
2e1625011d71ef2919aa316658c0e7a5, 1.10.10.60.FF123781, >sp|O18381|PAX6_DROME Paired box protein Pax-6 OS=Drosophila melanogaster GN=ey PE=2 SV=3 KRKLQRNRTSFTNDQIDSLEKEFERTHYPDVFARERLAGKIGLPEARIQVWFSNRRAKWRREEKLRNQRRT
398b561798aaa4e381d89526894b36cb, 1.10.10.60.FF123781, >tr|A2A412|A2A412_MOUSE Paired box protein Pax-6 OS=Mus musculus GN=Pax6 PE=1 SV=1 KRKLQRNRTSFTQEQIEALEKEFERTHYPDVFARERLAAKIDLPEARIQVWFSNRRAKWRREEKLRNQRRQ
461e9f2c37cc10c67659a7c77b6d7e9e, 1.10.10.60.FF123781, >tr|G5EE71|G5EE71_CAEEL MAB-18 OS=Caenorhabditis elegans GN=vab-3 PE=1 SV=1 KRKLQRNRTSFTQVQIESLEKEFERTHYPDVFARERLAQKIQLPEARIQVWFSNRRAKWRREEKMRNKRSS
47d9bb64f09bd6d9a9dd66912dded082, 1.10.10.60.FF123781, >tr|L0MPR7|L0MPR7_DROME Twin of eyeless, isoform C OS=Drosophila melanogaster GN=toy PE=4 SV=1 RLRLKRKLQRNRTSFSNEQIDSLEKEFERTHYPDVFARERLADKIGLPEVWFSNRRAKWRREEKMRTQRRS
4b71b2de6dc111a9fadf48eecf3fc248, 1.10.10.60.FF123781, >tr|Q8VBX9|Q8VBX9_MOUSE Paired box gene 6, isoform CRA_c OS=Mus musculus GN=Pax6 PE=2 SV=1 KRKLQRNRTSFTQEQIEALEKEFERTHYPDVFARERLAAKIDLPEARIQVWFSNRRAKWRREEKLRNQRRQ
71cd652065330e6cf62bac08415c3963, 1.10.10.60.FF123781, >tr|Q9XZC2|Q9XZC2_DROME Transcription factor Toy OS=Drosophila melanogaster GN=toy PE=2 SV=1 KRKLQRNRTSFSNEQIDSLEKEFERTHYPDVFARERLADKIGLPEARIQVWFSNRRAKWRREEKMRTQRRS
80e750a0c354403eca6afe75794a7c2c, 1.10.10.60.FF123781, >sp|P26630|PAX6_DANRE Paired box protein Pax-6 OS=Danio rerio GN=pax6a PE=2 SV=1 KRKLQRNRTSFTQEQIEALEKEFERTHYPDVFARERLAAKIDLPEARIQVWFSNRRAKWRREEKLRNQRRQ
a03369d4c4fa0a8a8c7ddce2cf32ebb1, 1.10.10.60.FF123781, >tr|Q9V490|Q9V490_DROME GH14454p OS=Drosophila melanogaster GN=toy PE=2 SV=4 KRKLQRNRTSFSNEQIDSLEKEFERTHYPDVFARERLADKIGLPEARIQVWFSNRRAKWRREEKMRTQRRS
a1c452186d610c734d3e3c69a5600db1, 1.10.10.60.FF123781, >tr|Q66SS1|Q66SS1_HUMAN Paired box gene 6 isoform a OS=Homo sapiens GN=PAX6 PE=2 SV=1 KRKLQRNRTSFTQEQIEALEKEFERTHYPDVFARERLAAKIDLPEARIQVWFSNRRAKWRREEKLRNQRRQ
af2db4f9f33a35d90d0986947b0a7737, 1.10.10.60.FF123781, >sp|Q1LZF1|PAX6_BOVIN Paired box protein Pax-6 OS=Bos taurus GN=PAX6 PE=2 SV=1 KRKLQRNRTSFTQEQIEALEKEFERTHYPDVFARERLAAKIDLPEARIQVWFSNRRAKWRREEKLRNQRRQ
b734557be9750b31f2602e7206b63559, 1.10.10.60.FF123781, >tr|I3IT91|I3IT91_DANRE Paired box 10 OS=Danio rerio GN=pax10 PE=4 SV=1 KRKLQRNRTSFTQEQIDALEKEFERTHYPDVFARERLAAKIDLPEARIQVWFSNRRAKWRREEKLRNQRRS
c7ea52218252e674cb050d0a548912af, 1.10.10.60.FF123781, >tr|Q6DHA8|Q6DHA8_DANRE Pax6b protein OS=Danio rerio GN=pax6b PE=2 SV=1 KRKLQRNRTSFTQEQIEALEKEFERTHYPDVFARERLAAKIDLPEARIQVWFS
c80fdc35c2ff134bf728ed0b036c8b3e, 1.10.10.60.FF123781, >tr|G5EDS1|G5EDS1_CAEEL Variable abnormal-3 OS=Caenorhabditis elegans GN=vab-3 PE=1 SV=1 KRKLQRNRTSFTQVQIESLEKEFERTHYPDVFARERLAQKIQLPEARIQVWFSNRRAKWRREEKMRNKRSS
d33ea7bf4b43fa6c7a90a22af43d34cd, 1.10.10.60.FF123781, >tr|Q95ZV2|Q95ZV2_CAEEL Uncharacterized protein OS=Caenorhabditis elegans GN=vab-3 PE=4 SV=1 KRKLQRNRTSFTQVQIESLEKEFERTHYPDVFARERLAQKIQLPEARIQVWFSNRRAKWRREEKMRNKRSS
e00b7c998998a8df8ee839d9da5c90a3, 1.10.10.60.FF123781, >tr|Q8VHL9|Q8VHL9_MOUSE PAX6 (Fragment) OS=Mus musculus GN=Pax6 PE=2 SV=1 KRKLQRNRTSFTQEQIEALEKEFERTHYPDVFARERLAAKIDLPEARIQVWFSNRRAKWRREEKLRNQRRQ
e62ff7e3a7d8125a969570de724f4376, 1.10.10.60.FF123781, >tr|D3DQZ8|D3DQZ8_HUMAN Paired box gene 6 (Aniridia, keratitis), isoform CRA_a OS=Homo sapiens GN=PAX6 PE=4 SV=1 KRKLQRNRTSFTQEQIEALEKEFERTHYPDVFARERLAAKIDLPEARIQVWFSNRRAKWRREEKLRNQRRQ

