Functional Family, Multiple Sequence Alignment, Consensus Sequence
1.10.10.10.FF265980, N/A, ATLK-SA----------L--------------I--G-L-P-G--LP-E---L-----VSR---REA---L------G-L------GG-G--V--

1.10.10.10.FF266283, N/A, AA--S-L--------EK-A-FP------G-Q--T---V-L-I-RN--L--W----PK--Y-QL-F-E-T---VR--L--PYNCG-DF-----R--H-YLE--G-INFNAVG------P-P-KKPPEEENESEPEEPSGQAGGLQDDSSGGYGDGQ

1.10.10.10.FF266457, N/A, -----PE----D----L---------------L-----R----L-----G-LS--E-A-------------TV-SR--R-R--L--L-----------L-R

1.10.10.580.FF1744, N/A, EQMENETDEQFEERVLNKR----LIDVRAH-J---------ZS--DSL--LCRN--RKQAA-KFYS-LEVLKK--AI---Q--PY-DI-IATPGP-F--

1.10.10.60.FF123781, N/A, RLRLKRKLQRNRTSFTQEQIE-LEKEFERTHYPDVFARERLA-KI-LPEARIQVWFSNRRAKWRREEK-RNQRR-

