Functional Family, Consensus Sequence, Threshold
1.10.10.10.FF265980, ---------------RSLV-DQVVEQ-L-RA-ILEGRLKP-GDRLPTERE-LAEQFGVSRPSVREALSRLEAR---GVL-VRPRRG--GTFV--

1.10.10.10.FF266283, -----RLPHDRMTSEE-AACFPDII-S-GPQ-KTQ-KVYLFI-RNRILQLW-LDNPK-----LT--EAT-L--RQQLE---N--SD-TVLIHR-VHSYLERHGLINF---GIYKRIKP-------------------------------------

1.10.10.10.FF266457, ----------------L-RDE--Q-VERALEALPED-QREALTL-RALEG-LSYEEIAEIL-C-----PVGTVKSRI--FR-ALRE----L----------

1.10.10.580.FF1744, -----------------KRTQQML-----HGLQRALAKTGAES-I-SLLELCRNTNRKQAAAKFYSFL-VLKKQQAIELTQSEPYSDI-IATPGPRFH-

1.10.10.60.FF123781, ----KRKLQRNRTSFTQEQIEALEKEFERTHYPDVFARERLAAKIDLPEARIQVWFSNRRAKWRREEKLRNQRRQ

